-- --------------------------------------------------------
-- Host:                         127.0.0.1
-- Server version:               8.0.26 - MySQL Community Server - GPL
-- Server OS:                    Win64
-- HeidiSQL Version:             11.3.0.6295
-- --------------------------------------------------------

/*!40101 SET @OLD_CHARACTER_SET_CLIENT=@@CHARACTER_SET_CLIENT */;
/*!40101 SET NAMES utf8 */;
/*!50503 SET NAMES utf8mb4 */;
/*!40014 SET @OLD_FOREIGN_KEY_CHECKS=@@FOREIGN_KEY_CHECKS, FOREIGN_KEY_CHECKS=0 */;
/*!40101 SET @OLD_SQL_MODE=@@SQL_MODE, SQL_MODE='NO_AUTO_VALUE_ON_ZERO' */;
/*!40111 SET @OLD_SQL_NOTES=@@SQL_NOTES, SQL_NOTES=0 */;

-- Dumping data for table lawfirmhelper.documentmaster: ~0 rows (approximately)
/*!40000 ALTER TABLE `documentmaster` DISABLE KEYS */;
INSERT INTO `documentmaster` (`ID`, `FileNo`, `FileOpenDate`, `ClientID`, `PartnerID`, `FirmID`, `Status`, `RelatedFileNo`, `Remark`, `VendorID`, `VendorFirmID`, `VendorFirmTel`, `VendorFirmEmail`, `VendorFirmLocation`, `VendorFirmFileRefNo`, `PurchaserID`, `PurchaserFirmID`, `PurchaserFirmTel`, `PurchaserFirmEmail`, `PurchaserFirmLocation`, `PurchaserFirmFileRefNo`, `CreatedBy`, `CreatedDate`, `ModifyBy`, `ModifyDate`) VALUES
	(1, 'A001-0001', '2022-01-10 15:43:47', '3c60fc6d-cb6f-47fd-844f-0924f7574aad', NULL, NULL, 0, NULL, NULL, NULL, NULL, NULL, NULL, NULL, NULL, NULL, NULL, NULL, NULL, NULL, NULL, NULL, '2022-03-18 15:44:06', NULL, NULL),
	(2, 'A001-0002', '2022-01-10 15:44:32', '3c60fc6d-cb6f-47fd-844f-0924f7574aad', NULL, NULL, 2, NULL, NULL, NULL, NULL, NULL, NULL, NULL, NULL, NULL, NULL, NULL, NULL, NULL, NULL, NULL, '2022-03-18 15:44:38', NULL, NULL),
	(3, 'A001-0003', '2022-02-18 15:44:59', '3c60fc6d-cb6f-47fd-844f-0924f7574aad', NULL, NULL, 1, NULL, NULL, NULL, NULL, NULL, NULL, NULL, NULL, NULL, NULL, NULL, NULL, NULL, NULL, NULL, '2022-03-18 15:45:08', NULL, NULL),
	(4, 'A001-0004', '2022-03-11 15:45:38', '3c60fc6d-cb6f-47fd-844f-0924f7574aad', NULL, NULL, 1, NULL, NULL, NULL, NULL, NULL, NULL, NULL, NULL, NULL, NULL, NULL, NULL, NULL, NULL, NULL, '2022-03-18 15:45:22', NULL, NULL);
/*!40000 ALTER TABLE `documentmaster` ENABLE KEYS */;

-- Dumping data for table lawfirmhelper.documentworkflow: ~0 rows (approximately)
/*!40000 ALTER TABLE `documentworkflow` DISABLE KEYS */;
INSERT INTO `documentworkflow` (`ID`, `DocumentID`, `WorkflowDetailID`, `Sequence`, `UserID`, `DueDate`, `isCompleted`, `isRPA`, `CreatedBy`, `CreatedDate`, `ModifyBy`, `ModifyDate`) VALUES
	(1, 1, 1, 1, '3c60fc6d-cb6f-47fd-844f-0924f7574aad', '2022-01-11 15:43:47', 1, 0, '2afb086f-1501-400b-9df2-447afd08d6b9', '2022-03-18 16:06:08', NULL, NULL),
	(2, 1, 2, 2, '3c60fc6d-cb6f-47fd-844f-0924f7574aad', '2022-01-13 15:43:47', 1, 0, '2afb086f-1501-400b-9df2-447afd08d6b9', '2022-03-18 16:06:08', NULL, NULL),
	(3, 1, 3, 3, '3c60fc6d-cb6f-47fd-844f-0924f7574aad', '2022-01-14 15:43:47', 1, 0, '2afb086f-1501-400b-9df2-447afd08d6b9', '2022-03-18 16:06:08', NULL, NULL),
	(4, 1, 4, 4, '3c60fc6d-cb6f-47fd-844f-0924f7574aad', '2022-01-15 15:43:47', 1, 0, '2afb086f-1501-400b-9df2-447afd08d6b9', '2022-03-18 16:06:08', NULL, NULL),
	(5, 1, 5, 5, '3c60fc6d-cb6f-47fd-844f-0924f7574aad', '2022-01-19 15:43:47', 1, 0, '2afb086f-1501-400b-9df2-447afd08d6b9', '2022-03-18 16:06:08', NULL, NULL),
	(6, 1, 6, 6, '3c60fc6d-cb6f-47fd-844f-0924f7574aad', '2022-01-21 15:43:47', 1, 0, '2afb086f-1501-400b-9df2-447afd08d6b9', '2022-03-18 16:06:08', NULL, NULL),
	(7, 1, 7, 7, '3c60fc6d-cb6f-47fd-844f-0924f7574aad', '2022-01-23 15:43:47', 1, 0, '2afb086f-1501-400b-9df2-447afd08d6b9', '2022-03-18 16:06:08', NULL, NULL),
	(8, 1, 8, 8, '3c60fc6d-cb6f-47fd-844f-0924f7574aad', '2022-01-24 15:43:47', 1, 0, '2afb086f-1501-400b-9df2-447afd08d6b9', '2022-03-18 16:06:08', NULL, NULL),
	(9, 1, 38, 9, '3c60fc6d-cb6f-47fd-844f-0924f7574aad', '2022-02-08 15:43:47', 1, 0, '2afb086f-1501-400b-9df2-447afd08d6b9', '2022-03-18 16:06:08', NULL, NULL),
	(10, 1, 9, 10, '3c60fc6d-cb6f-47fd-844f-0924f7574aad', '2022-02-10 15:43:47', 1, 0, '2afb086f-1501-400b-9df2-447afd08d6b9', '2022-03-18 16:06:08', NULL, NULL),
	(11, 1, 10, 11, '3c60fc6d-cb6f-47fd-844f-0924f7574aad', '2022-02-11 15:43:47', 1, 0, '2afb086f-1501-400b-9df2-447afd08d6b9', '2022-03-18 16:06:08', NULL, NULL),
	(12, 1, 11, 12, '3c60fc6d-cb6f-47fd-844f-0924f7574aad', '2022-02-12 15:43:47', 1, 0, '2afb086f-1501-400b-9df2-447afd08d6b9', '2022-03-18 16:06:08', NULL, NULL),
	(13, 1, 12, 13, '3c60fc6d-cb6f-47fd-844f-0924f7574aad', '2022-02-13 15:43:47', 1, 0, '2afb086f-1501-400b-9df2-447afd08d6b9', '2022-03-18 16:06:08', NULL, NULL),
	(14, 1, 13, 14, '3c60fc6d-cb6f-47fd-844f-0924f7574aad', '2022-02-15 15:43:47', 1, 0, '2afb086f-1501-400b-9df2-447afd08d6b9', '2022-03-18 16:06:08', NULL, NULL),
	(15, 1, 14, 15, '3c60fc6d-cb6f-47fd-844f-0924f7574aad', '2022-02-17 15:43:47', 1, 0, '2afb086f-1501-400b-9df2-447afd08d6b9', '2022-03-18 16:06:08', NULL, NULL),
	(16, 1, 15, 16, '3c60fc6d-cb6f-47fd-844f-0924f7574aad', '2022-02-19 15:43:47', 1, 0, '2afb086f-1501-400b-9df2-447afd08d6b9', '2022-03-18 16:06:08', NULL, NULL),
	(17, 1, 16, 17, '3c60fc6d-cb6f-47fd-844f-0924f7574aad', '2022-03-01 15:43:47', 1, 0, '2afb086f-1501-400b-9df2-447afd08d6b9', '2022-03-18 16:06:08', NULL, NULL),
	(18, 1, 17, 18, '3c60fc6d-cb6f-47fd-844f-0924f7574aad', '2022-03-04 15:43:47', 1, 0, '2afb086f-1501-400b-9df2-447afd08d6b9', '2022-03-18 16:06:08', NULL, NULL),
	(19, 1, 18, 19, '3c60fc6d-cb6f-47fd-844f-0924f7574aad', '2022-03-06 15:43:47', 1, 0, '2afb086f-1501-400b-9df2-447afd08d6b9', '2022-03-18 16:06:08', NULL, NULL),
	(20, 1, 19, 20, '3c60fc6d-cb6f-47fd-844f-0924f7574aad', '2022-03-11 15:43:47', 1, 0, '2afb086f-1501-400b-9df2-447afd08d6b9', '2022-03-18 16:06:08', NULL, NULL),
	(21, 1, 20, 21, '3c60fc6d-cb6f-47fd-844f-0924f7574aad', '2022-03-13 15:43:47', 1, 0, '2afb086f-1501-400b-9df2-447afd08d6b9', '2022-03-18 16:06:08', NULL, NULL),
	(22, 1, 21, 22, '3c60fc6d-cb6f-47fd-844f-0924f7574aad', '2022-03-15 15:43:47', 1, 0, '2afb086f-1501-400b-9df2-447afd08d6b9', '2022-03-18 16:06:08', NULL, NULL),
	(23, 1, 22, 23, '3c60fc6d-cb6f-47fd-844f-0924f7574aad', '2022-03-25 15:43:47', 1, 0, '2afb086f-1501-400b-9df2-447afd08d6b9', '2022-03-18 16:06:08', NULL, NULL),
	(24, 1, 23, 24, '3c60fc6d-cb6f-47fd-844f-0924f7574aad', '2022-03-28 15:43:47', 1, 0, '2afb086f-1501-400b-9df2-447afd08d6b9', '2022-03-18 16:06:08', NULL, NULL),
	(25, 1, 24, 25, '3c60fc6d-cb6f-47fd-844f-0924f7574aad', '2022-03-30 15:43:47', 1, 0, '2afb086f-1501-400b-9df2-447afd08d6b9', '2022-03-18 16:06:08', NULL, NULL),
	(26, 1, 26, 26, '3c60fc6d-cb6f-47fd-844f-0924f7574aad', '2022-04-04 15:43:47', 1, 0, '2afb086f-1501-400b-9df2-447afd08d6b9', '2022-03-18 16:06:08', NULL, NULL),
	(27, 1, 28, 27, '3c60fc6d-cb6f-47fd-844f-0924f7574aad', '2022-04-07 15:43:47', 1, 0, '2afb086f-1501-400b-9df2-447afd08d6b9', '2022-03-18 16:06:08', NULL, NULL),
	(28, 1, 27, 28, '3c60fc6d-cb6f-47fd-844f-0924f7574aad', '2022-04-09 15:43:47', 1, 0, '2afb086f-1501-400b-9df2-447afd08d6b9', '2022-03-18 16:06:08', NULL, NULL),
	(29, 1, 25, 29, '3c60fc6d-cb6f-47fd-844f-0924f7574aad', '2022-04-14 15:43:47', 1, 0, '2afb086f-1501-400b-9df2-447afd08d6b9', '2022-03-18 16:06:08', NULL, NULL),
	(30, 1, 29, 30, '3c60fc6d-cb6f-47fd-844f-0924f7574aad', '2022-04-24 15:43:47', 1, 0, '2afb086f-1501-400b-9df2-447afd08d6b9', '2022-03-18 16:06:08', NULL, NULL),
	(31, 1, 30, 31, '3c60fc6d-cb6f-47fd-844f-0924f7574aad', '2022-05-04 15:43:47', 1, 0, '2afb086f-1501-400b-9df2-447afd08d6b9', '2022-03-18 16:06:08', NULL, NULL),
	(32, 1, 31, 32, '3c60fc6d-cb6f-47fd-844f-0924f7574aad', '2022-05-14 15:43:47', 1, 0, '2afb086f-1501-400b-9df2-447afd08d6b9', '2022-03-18 16:06:08', NULL, NULL),
	(33, 1, 32, 33, '3c60fc6d-cb6f-47fd-844f-0924f7574aad', '2022-05-16 15:43:47', 1, 0, '2afb086f-1501-400b-9df2-447afd08d6b9', '2022-03-18 16:06:08', NULL, NULL),
	(34, 1, 33, 34, '3c60fc6d-cb6f-47fd-844f-0924f7574aad', '2022-05-19 15:43:47', 1, 0, '2afb086f-1501-400b-9df2-447afd08d6b9', '2022-03-18 16:06:08', NULL, NULL),
	(35, 1, 34, 35, '3c60fc6d-cb6f-47fd-844f-0924f7574aad', '2022-05-26 15:43:47', 1, 0, '2afb086f-1501-400b-9df2-447afd08d6b9', '2022-03-18 16:06:08', NULL, NULL),
	(36, 1, 35, 36, '3c60fc6d-cb6f-47fd-844f-0924f7574aad', '2022-05-29 15:43:47', 1, 0, '2afb086f-1501-400b-9df2-447afd08d6b9', '2022-03-18 16:06:08', NULL, NULL),
	(37, 1, 36, 37, '3c60fc6d-cb6f-47fd-844f-0924f7574aad', '2022-06-08 15:43:47', 1, 0, '2afb086f-1501-400b-9df2-447afd08d6b9', '2022-03-18 16:06:08', NULL, NULL),
	(38, 1, 37, 38, '3c60fc6d-cb6f-47fd-844f-0924f7574aad', '2022-06-18 15:43:47', 1, 0, '2afb086f-1501-400b-9df2-447afd08d6b9', '2022-03-18 16:06:08', NULL, NULL),
	(64, 2, 1, 1, '3c60fc6d-cb6f-47fd-844f-0924f7574aad', '2022-03-19 00:00:00', 1, 0, '2afb086f-1501-400b-9df2-447afd08d6b9', '2022-03-18 17:03:15', NULL, NULL),
	(65, 2, 2, 2, '3c60fc6d-cb6f-47fd-844f-0924f7574aad', '2022-03-21 00:00:00', 1, 0, '2afb086f-1501-400b-9df2-447afd08d6b9', '2022-03-18 17:03:15', NULL, NULL),
	(66, 2, 3, 3, '3c60fc6d-cb6f-47fd-844f-0924f7574aad', '2022-03-22 00:00:00', 1, 0, '2afb086f-1501-400b-9df2-447afd08d6b9', '2022-03-18 17:03:15', NULL, NULL),
	(67, 2, 4, 4, '3c60fc6d-cb6f-47fd-844f-0924f7574aad', '2022-03-23 00:00:00', 1, 0, '2afb086f-1501-400b-9df2-447afd08d6b9', '2022-03-18 17:03:15', NULL, NULL),
	(68, 2, 5, 5, '3c60fc6d-cb6f-47fd-844f-0924f7574aad', '2022-03-27 00:00:00', 1, 0, '2afb086f-1501-400b-9df2-447afd08d6b9', '2022-03-18 17:03:15', NULL, NULL),
	(69, 2, 6, 6, '3c60fc6d-cb6f-47fd-844f-0924f7574aad', '2022-03-29 00:00:00', 1, 0, '2afb086f-1501-400b-9df2-447afd08d6b9', '2022-03-18 17:03:15', NULL, NULL),
	(70, 2, 7, 7, '3c60fc6d-cb6f-47fd-844f-0924f7574aad', '2022-03-31 00:00:00', 1, 0, '2afb086f-1501-400b-9df2-447afd08d6b9', '2022-03-18 17:03:15', NULL, NULL),
	(71, 2, 8, 8, '3c60fc6d-cb6f-47fd-844f-0924f7574aad', '2022-04-01 00:00:00', 1, 0, '2afb086f-1501-400b-9df2-447afd08d6b9', '2022-03-18 17:03:15', NULL, NULL),
	(72, 2, 38, 9, '3c60fc6d-cb6f-47fd-844f-0924f7574aad', '2022-04-16 00:00:00', 1, 0, '2afb086f-1501-400b-9df2-447afd08d6b9', '2022-03-18 17:03:15', NULL, NULL),
	(73, 2, 9, 10, '3c60fc6d-cb6f-47fd-844f-0924f7574aad', '2022-04-18 00:00:00', 1, 0, '2afb086f-1501-400b-9df2-447afd08d6b9', '2022-03-18 17:03:15', NULL, NULL),
	(74, 2, 10, 11, '3c60fc6d-cb6f-47fd-844f-0924f7574aad', '2022-04-19 00:00:00', 1, 0, '2afb086f-1501-400b-9df2-447afd08d6b9', '2022-03-18 17:03:15', NULL, NULL),
	(75, 2, 11, 12, '3c60fc6d-cb6f-47fd-844f-0924f7574aad', '2022-04-20 00:00:00', 1, 0, '2afb086f-1501-400b-9df2-447afd08d6b9', '2022-03-18 17:03:15', NULL, NULL),
	(76, 2, 12, 13, '3c60fc6d-cb6f-47fd-844f-0924f7574aad', '2022-04-21 00:00:00', 1, 0, '2afb086f-1501-400b-9df2-447afd08d6b9', '2022-03-18 17:03:15', NULL, NULL),
	(77, 2, 13, 14, '3c60fc6d-cb6f-47fd-844f-0924f7574aad', '2022-04-23 00:00:00', 0, 0, '2afb086f-1501-400b-9df2-447afd08d6b9', '2022-03-18 17:03:15', NULL, NULL),
	(78, 2, 14, 15, '3c60fc6d-cb6f-47fd-844f-0924f7574aad', '2022-04-25 00:00:00', 0, 0, '2afb086f-1501-400b-9df2-447afd08d6b9', '2022-03-18 17:03:15', NULL, NULL),
	(79, 2, 15, 16, '3c60fc6d-cb6f-47fd-844f-0924f7574aad', '2022-04-27 00:00:00', 0, 0, '2afb086f-1501-400b-9df2-447afd08d6b9', '2022-03-18 17:03:15', NULL, NULL),
	(80, 2, 16, 17, '3c60fc6d-cb6f-47fd-844f-0924f7574aad', '2022-05-07 00:00:00', 0, 0, '2afb086f-1501-400b-9df2-447afd08d6b9', '2022-03-18 17:03:15', NULL, NULL),
	(81, 2, 17, 18, '3c60fc6d-cb6f-47fd-844f-0924f7574aad', '2022-05-10 00:00:00', 0, 0, '2afb086f-1501-400b-9df2-447afd08d6b9', '2022-03-18 17:03:15', NULL, NULL),
	(82, 2, 18, 19, '3c60fc6d-cb6f-47fd-844f-0924f7574aad', '2022-05-12 00:00:00', 0, 0, '2afb086f-1501-400b-9df2-447afd08d6b9', '2022-03-18 17:03:15', NULL, NULL),
	(83, 2, 19, 20, '3c60fc6d-cb6f-47fd-844f-0924f7574aad', '2022-05-17 00:00:00', 0, 0, '2afb086f-1501-400b-9df2-447afd08d6b9', '2022-03-18 17:03:15', NULL, NULL),
	(84, 2, 20, 21, '3c60fc6d-cb6f-47fd-844f-0924f7574aad', '2022-05-19 00:00:00', 0, 0, '2afb086f-1501-400b-9df2-447afd08d6b9', '2022-03-18 17:03:15', NULL, NULL),
	(85, 2, 21, 22, '3c60fc6d-cb6f-47fd-844f-0924f7574aad', '2022-05-21 00:00:00', 0, 0, '2afb086f-1501-400b-9df2-447afd08d6b9', '2022-03-18 17:03:15', NULL, NULL),
	(86, 2, 22, 23, '3c60fc6d-cb6f-47fd-844f-0924f7574aad', '2022-05-31 00:00:00', 0, 0, '2afb086f-1501-400b-9df2-447afd08d6b9', '2022-03-18 17:03:15', NULL, NULL),
	(87, 2, 23, 24, '3c60fc6d-cb6f-47fd-844f-0924f7574aad', '2022-06-03 00:00:00', 0, 0, '2afb086f-1501-400b-9df2-447afd08d6b9', '2022-03-18 17:03:15', NULL, NULL),
	(88, 2, 24, 25, '3c60fc6d-cb6f-47fd-844f-0924f7574aad', '2022-06-05 00:00:00', 0, 0, '2afb086f-1501-400b-9df2-447afd08d6b9', '2022-03-18 17:03:15', NULL, NULL),
	(89, 2, 26, 26, '3c60fc6d-cb6f-47fd-844f-0924f7574aad', '2022-06-10 00:00:00', 0, 0, '2afb086f-1501-400b-9df2-447afd08d6b9', '2022-03-18 17:03:15', NULL, NULL),
	(90, 2, 28, 27, '3c60fc6d-cb6f-47fd-844f-0924f7574aad', '2022-06-13 00:00:00', 0, 0, '2afb086f-1501-400b-9df2-447afd08d6b9', '2022-03-18 17:03:15', NULL, NULL),
	(91, 2, 27, 28, '3c60fc6d-cb6f-47fd-844f-0924f7574aad', '2022-06-15 00:00:00', 0, 0, '2afb086f-1501-400b-9df2-447afd08d6b9', '2022-03-18 17:03:15', NULL, NULL),
	(92, 2, 25, 29, '3c60fc6d-cb6f-47fd-844f-0924f7574aad', '2022-06-20 00:00:00', 0, 0, '2afb086f-1501-400b-9df2-447afd08d6b9', '2022-03-18 17:03:15', NULL, NULL),
	(93, 2, 29, 30, '3c60fc6d-cb6f-47fd-844f-0924f7574aad', '2022-06-30 00:00:00', 0, 0, '2afb086f-1501-400b-9df2-447afd08d6b9', '2022-03-18 17:03:15', NULL, NULL),
	(94, 2, 30, 31, '3c60fc6d-cb6f-47fd-844f-0924f7574aad', '2022-07-10 00:00:00', 0, 0, '2afb086f-1501-400b-9df2-447afd08d6b9', '2022-03-18 17:03:15', NULL, NULL),
	(95, 2, 31, 32, '3c60fc6d-cb6f-47fd-844f-0924f7574aad', '2022-07-20 00:00:00', 0, 0, '2afb086f-1501-400b-9df2-447afd08d6b9', '2022-03-18 17:03:15', NULL, NULL),
	(96, 2, 32, 33, '3c60fc6d-cb6f-47fd-844f-0924f7574aad', '2022-07-22 00:00:00', 0, 0, '2afb086f-1501-400b-9df2-447afd08d6b9', '2022-03-18 17:03:15', NULL, NULL),
	(97, 2, 33, 34, '3c60fc6d-cb6f-47fd-844f-0924f7574aad', '2022-07-25 00:00:00', 0, 0, '2afb086f-1501-400b-9df2-447afd08d6b9', '2022-03-18 17:03:15', NULL, NULL),
	(98, 2, 34, 35, '3c60fc6d-cb6f-47fd-844f-0924f7574aad', '2022-08-01 00:00:00', 0, 0, '2afb086f-1501-400b-9df2-447afd08d6b9', '2022-03-18 17:03:15', NULL, NULL),
	(99, 2, 35, 36, '3c60fc6d-cb6f-47fd-844f-0924f7574aad', '2022-08-04 00:00:00', 0, 0, '2afb086f-1501-400b-9df2-447afd08d6b9', '2022-03-18 17:03:15', NULL, NULL),
	(100, 2, 36, 37, '3c60fc6d-cb6f-47fd-844f-0924f7574aad', '2022-08-14 00:00:00', 0, 0, '2afb086f-1501-400b-9df2-447afd08d6b9', '2022-03-18 17:03:15', NULL, NULL),
	(101, 2, 37, 38, '3c60fc6d-cb6f-47fd-844f-0924f7574aad', '2022-08-24 00:00:00', 0, 0, '2afb086f-1501-400b-9df2-447afd08d6b9', '2022-03-18 17:03:15', NULL, NULL),
	(127, 3, 1, 1, '3c60fc6d-cb6f-47fd-844f-0924f7574aad', '2022-03-19 00:00:00', 1, 0, '2afb086f-1501-400b-9df2-447afd08d6b9', '2022-03-18 17:03:20', NULL, NULL),
	(128, 3, 2, 2, '3c60fc6d-cb6f-47fd-844f-0924f7574aad', '2022-03-21 00:00:00', 1, 0, '2afb086f-1501-400b-9df2-447afd08d6b9', '2022-03-18 17:03:20', NULL, NULL),
	(129, 3, 3, 3, '3c60fc6d-cb6f-47fd-844f-0924f7574aad', '2022-03-22 00:00:00', 1, 0, '2afb086f-1501-400b-9df2-447afd08d6b9', '2022-03-18 17:03:20', NULL, NULL),
	(130, 3, 4, 4, '3c60fc6d-cb6f-47fd-844f-0924f7574aad', '2022-03-23 00:00:00', 1, 0, '2afb086f-1501-400b-9df2-447afd08d6b9', '2022-03-18 17:03:20', NULL, NULL),
	(131, 3, 5, 5, '3c60fc6d-cb6f-47fd-844f-0924f7574aad', '2022-03-27 00:00:00', 1, 0, '2afb086f-1501-400b-9df2-447afd08d6b9', '2022-03-18 17:03:20', NULL, NULL),
	(132, 3, 6, 6, '3c60fc6d-cb6f-47fd-844f-0924f7574aad', '2022-03-29 00:00:00', 1, 0, '2afb086f-1501-400b-9df2-447afd08d6b9', '2022-03-18 17:03:20', NULL, NULL),
	(133, 3, 7, 7, '3c60fc6d-cb6f-47fd-844f-0924f7574aad', '2022-03-31 00:00:00', 1, 0, '2afb086f-1501-400b-9df2-447afd08d6b9', '2022-03-18 17:03:20', NULL, NULL),
	(134, 3, 8, 8, '3c60fc6d-cb6f-47fd-844f-0924f7574aad', '2022-04-01 00:00:00', 1, 0, '2afb086f-1501-400b-9df2-447afd08d6b9', '2022-03-18 17:03:20', NULL, NULL),
	(135, 3, 38, 9, '3c60fc6d-cb6f-47fd-844f-0924f7574aad', '2022-04-16 00:00:00', 1, 0, '2afb086f-1501-400b-9df2-447afd08d6b9', '2022-03-18 17:03:20', NULL, NULL),
	(136, 3, 9, 10, '3c60fc6d-cb6f-47fd-844f-0924f7574aad', '2022-04-18 00:00:00', 1, 0, '2afb086f-1501-400b-9df2-447afd08d6b9', '2022-03-18 17:03:20', NULL, NULL),
	(137, 3, 10, 11, '3c60fc6d-cb6f-47fd-844f-0924f7574aad', '2022-04-19 00:00:00', 1, 0, '2afb086f-1501-400b-9df2-447afd08d6b9', '2022-03-18 17:03:20', NULL, NULL),
	(138, 3, 11, 12, '3c60fc6d-cb6f-47fd-844f-0924f7574aad', '2022-04-20 00:00:00', 1, 0, '2afb086f-1501-400b-9df2-447afd08d6b9', '2022-03-18 17:03:20', NULL, NULL),
	(139, 3, 12, 13, '3c60fc6d-cb6f-47fd-844f-0924f7574aad', '2022-04-21 00:00:00', 1, 0, '2afb086f-1501-400b-9df2-447afd08d6b9', '2022-03-18 17:03:20', NULL, NULL),
	(140, 3, 13, 14, '3c60fc6d-cb6f-47fd-844f-0924f7574aad', '2022-04-23 00:00:00', 1, 0, '2afb086f-1501-400b-9df2-447afd08d6b9', '2022-03-18 17:03:20', NULL, NULL),
	(141, 3, 14, 15, '3c60fc6d-cb6f-47fd-844f-0924f7574aad', '2022-04-25 00:00:00', 1, 0, '2afb086f-1501-400b-9df2-447afd08d6b9', '2022-03-18 17:03:20', NULL, NULL),
	(142, 3, 15, 16, '3c60fc6d-cb6f-47fd-844f-0924f7574aad', '2022-04-27 00:00:00', 1, 0, '2afb086f-1501-400b-9df2-447afd08d6b9', '2022-03-18 17:03:20', NULL, NULL),
	(143, 3, 16, 17, '3c60fc6d-cb6f-47fd-844f-0924f7574aad', '2022-05-07 00:00:00', 1, 0, '2afb086f-1501-400b-9df2-447afd08d6b9', '2022-03-18 17:03:20', NULL, NULL),
	(144, 3, 17, 18, '3c60fc6d-cb6f-47fd-844f-0924f7574aad', '2022-05-10 00:00:00', 1, 0, '2afb086f-1501-400b-9df2-447afd08d6b9', '2022-03-18 17:03:20', NULL, NULL),
	(145, 3, 18, 19, '3c60fc6d-cb6f-47fd-844f-0924f7574aad', '2022-05-12 00:00:00', 1, 0, '2afb086f-1501-400b-9df2-447afd08d6b9', '2022-03-18 17:03:20', NULL, NULL),
	(146, 3, 19, 20, '3c60fc6d-cb6f-47fd-844f-0924f7574aad', '2022-05-17 00:00:00', 1, 0, '2afb086f-1501-400b-9df2-447afd08d6b9', '2022-03-18 17:03:20', NULL, NULL),
	(147, 3, 20, 21, '3c60fc6d-cb6f-47fd-844f-0924f7574aad', '2022-05-19 00:00:00', 1, 0, '2afb086f-1501-400b-9df2-447afd08d6b9', '2022-03-18 17:03:20', NULL, NULL),
	(148, 3, 21, 22, '3c60fc6d-cb6f-47fd-844f-0924f7574aad', '2022-05-21 00:00:00', 0, 0, '2afb086f-1501-400b-9df2-447afd08d6b9', '2022-03-18 17:03:20', NULL, NULL),
	(149, 3, 22, 23, '3c60fc6d-cb6f-47fd-844f-0924f7574aad', '2022-05-31 00:00:00', 0, 0, '2afb086f-1501-400b-9df2-447afd08d6b9', '2022-03-18 17:03:20', NULL, NULL),
	(150, 3, 23, 24, '3c60fc6d-cb6f-47fd-844f-0924f7574aad', '2022-06-03 00:00:00', 0, 0, '2afb086f-1501-400b-9df2-447afd08d6b9', '2022-03-18 17:03:20', NULL, NULL),
	(151, 3, 24, 25, '3c60fc6d-cb6f-47fd-844f-0924f7574aad', '2022-06-05 00:00:00', 0, 0, '2afb086f-1501-400b-9df2-447afd08d6b9', '2022-03-18 17:03:20', NULL, NULL),
	(152, 3, 26, 26, '3c60fc6d-cb6f-47fd-844f-0924f7574aad', '2022-06-10 00:00:00', 0, 0, '2afb086f-1501-400b-9df2-447afd08d6b9', '2022-03-18 17:03:20', NULL, NULL),
	(153, 3, 28, 27, '3c60fc6d-cb6f-47fd-844f-0924f7574aad', '2022-06-13 00:00:00', 0, 0, '2afb086f-1501-400b-9df2-447afd08d6b9', '2022-03-18 17:03:20', NULL, NULL),
	(154, 3, 27, 28, '3c60fc6d-cb6f-47fd-844f-0924f7574aad', '2022-06-15 00:00:00', 0, 0, '2afb086f-1501-400b-9df2-447afd08d6b9', '2022-03-18 17:03:20', NULL, NULL),
	(155, 3, 25, 29, '3c60fc6d-cb6f-47fd-844f-0924f7574aad', '2022-06-20 00:00:00', 0, 0, '2afb086f-1501-400b-9df2-447afd08d6b9', '2022-03-18 17:03:20', NULL, NULL),
	(156, 3, 29, 30, '3c60fc6d-cb6f-47fd-844f-0924f7574aad', '2022-06-30 00:00:00', 0, 0, '2afb086f-1501-400b-9df2-447afd08d6b9', '2022-03-18 17:03:20', NULL, NULL),
	(157, 3, 30, 31, '3c60fc6d-cb6f-47fd-844f-0924f7574aad', '2022-07-10 00:00:00', 0, 0, '2afb086f-1501-400b-9df2-447afd08d6b9', '2022-03-18 17:03:20', NULL, NULL),
	(158, 3, 31, 32, '3c60fc6d-cb6f-47fd-844f-0924f7574aad', '2022-07-20 00:00:00', 0, 0, '2afb086f-1501-400b-9df2-447afd08d6b9', '2022-03-18 17:03:20', NULL, NULL),
	(159, 3, 32, 33, '3c60fc6d-cb6f-47fd-844f-0924f7574aad', '2022-07-22 00:00:00', 0, 0, '2afb086f-1501-400b-9df2-447afd08d6b9', '2022-03-18 17:03:20', NULL, NULL),
	(160, 3, 33, 34, '3c60fc6d-cb6f-47fd-844f-0924f7574aad', '2022-07-25 00:00:00', 0, 0, '2afb086f-1501-400b-9df2-447afd08d6b9', '2022-03-18 17:03:20', NULL, NULL),
	(161, 3, 34, 35, '3c60fc6d-cb6f-47fd-844f-0924f7574aad', '2022-08-01 00:00:00', 0, 0, '2afb086f-1501-400b-9df2-447afd08d6b9', '2022-03-18 17:03:20', NULL, NULL),
	(162, 3, 35, 36, '3c60fc6d-cb6f-47fd-844f-0924f7574aad', '2022-08-04 00:00:00', 0, 0, '2afb086f-1501-400b-9df2-447afd08d6b9', '2022-03-18 17:03:20', NULL, NULL),
	(163, 3, 36, 37, '3c60fc6d-cb6f-47fd-844f-0924f7574aad', '2022-08-14 00:00:00', 0, 0, '2afb086f-1501-400b-9df2-447afd08d6b9', '2022-03-18 17:03:20', NULL, NULL),
	(164, 3, 37, 38, '3c60fc6d-cb6f-47fd-844f-0924f7574aad', '2022-08-24 00:00:00', 0, 0, '2afb086f-1501-400b-9df2-447afd08d6b9', '2022-03-18 17:03:20', NULL, NULL),
	(190, 4, 1, 1, '3c60fc6d-cb6f-47fd-844f-0924f7574aad', '2022-03-19 00:00:00', 1, 0, '2afb086f-1501-400b-9df2-447afd08d6b9', '2022-03-18 17:03:22', NULL, NULL),
	(191, 4, 2, 2, '3c60fc6d-cb6f-47fd-844f-0924f7574aad', '2022-03-21 00:00:00', 1, 0, '2afb086f-1501-400b-9df2-447afd08d6b9', '2022-03-18 17:03:22', NULL, NULL),
	(192, 4, 3, 3, '3c60fc6d-cb6f-47fd-844f-0924f7574aad', '2022-03-22 00:00:00', 1, 0, '2afb086f-1501-400b-9df2-447afd08d6b9', '2022-03-18 17:03:22', NULL, NULL),
	(193, 4, 4, 4, '3c60fc6d-cb6f-47fd-844f-0924f7574aad', '2022-03-23 00:00:00', 1, 0, '2afb086f-1501-400b-9df2-447afd08d6b9', '2022-03-18 17:03:22', NULL, NULL),
	(194, 4, 5, 5, '3c60fc6d-cb6f-47fd-844f-0924f7574aad', '2022-03-27 00:00:00', 1, 0, '2afb086f-1501-400b-9df2-447afd08d6b9', '2022-03-18 17:03:22', NULL, NULL),
	(195, 4, 6, 6, '3c60fc6d-cb6f-47fd-844f-0924f7574aad', '2022-03-29 00:00:00', 1, 0, '2afb086f-1501-400b-9df2-447afd08d6b9', '2022-03-18 17:03:22', NULL, NULL),
	(196, 4, 7, 7, '3c60fc6d-cb6f-47fd-844f-0924f7574aad', '2022-03-31 00:00:00', 1, 0, '2afb086f-1501-400b-9df2-447afd08d6b9', '2022-03-18 17:03:22', NULL, NULL),
	(197, 4, 8, 8, '3c60fc6d-cb6f-47fd-844f-0924f7574aad', '2022-04-01 00:00:00', 0, 0, '2afb086f-1501-400b-9df2-447afd08d6b9', '2022-03-18 17:03:22', NULL, NULL),
	(198, 4, 38, 9, '3c60fc6d-cb6f-47fd-844f-0924f7574aad', '2022-04-16 00:00:00', 0, 0, '2afb086f-1501-400b-9df2-447afd08d6b9', '2022-03-18 17:03:22', NULL, NULL),
	(199, 4, 9, 10, '3c60fc6d-cb6f-47fd-844f-0924f7574aad', '2022-04-18 00:00:00', 0, 0, '2afb086f-1501-400b-9df2-447afd08d6b9', '2022-03-18 17:03:22', NULL, NULL),
	(200, 4, 10, 11, '3c60fc6d-cb6f-47fd-844f-0924f7574aad', '2022-04-19 00:00:00', 0, 0, '2afb086f-1501-400b-9df2-447afd08d6b9', '2022-03-18 17:03:22', NULL, NULL),
	(201, 4, 11, 12, '3c60fc6d-cb6f-47fd-844f-0924f7574aad', '2022-04-20 00:00:00', 0, 0, '2afb086f-1501-400b-9df2-447afd08d6b9', '2022-03-18 17:03:22', NULL, NULL),
	(202, 4, 12, 13, '3c60fc6d-cb6f-47fd-844f-0924f7574aad', '2022-04-21 00:00:00', 0, 0, '2afb086f-1501-400b-9df2-447afd08d6b9', '2022-03-18 17:03:22', NULL, NULL),
	(203, 4, 13, 14, '3c60fc6d-cb6f-47fd-844f-0924f7574aad', '2022-04-23 00:00:00', 0, 0, '2afb086f-1501-400b-9df2-447afd08d6b9', '2022-03-18 17:03:22', NULL, NULL),
	(204, 4, 14, 15, '3c60fc6d-cb6f-47fd-844f-0924f7574aad', '2022-04-25 00:00:00', 0, 0, '2afb086f-1501-400b-9df2-447afd08d6b9', '2022-03-18 17:03:22', NULL, NULL),
	(205, 4, 15, 16, '3c60fc6d-cb6f-47fd-844f-0924f7574aad', '2022-04-27 00:00:00', 0, 0, '2afb086f-1501-400b-9df2-447afd08d6b9', '2022-03-18 17:03:22', NULL, NULL),
	(206, 4, 16, 17, '3c60fc6d-cb6f-47fd-844f-0924f7574aad', '2022-05-07 00:00:00', 0, 0, '2afb086f-1501-400b-9df2-447afd08d6b9', '2022-03-18 17:03:22', NULL, NULL),
	(207, 4, 17, 18, '3c60fc6d-cb6f-47fd-844f-0924f7574aad', '2022-05-10 00:00:00', 0, 0, '2afb086f-1501-400b-9df2-447afd08d6b9', '2022-03-18 17:03:22', NULL, NULL),
	(208, 4, 18, 19, '3c60fc6d-cb6f-47fd-844f-0924f7574aad', '2022-05-12 00:00:00', 0, 0, '2afb086f-1501-400b-9df2-447afd08d6b9', '2022-03-18 17:03:22', NULL, NULL),
	(209, 4, 19, 20, '3c60fc6d-cb6f-47fd-844f-0924f7574aad', '2022-05-17 00:00:00', 0, 0, '2afb086f-1501-400b-9df2-447afd08d6b9', '2022-03-18 17:03:22', NULL, NULL),
	(210, 4, 20, 21, '3c60fc6d-cb6f-47fd-844f-0924f7574aad', '2022-05-19 00:00:00', 0, 0, '2afb086f-1501-400b-9df2-447afd08d6b9', '2022-03-18 17:03:22', NULL, NULL),
	(211, 4, 21, 22, '3c60fc6d-cb6f-47fd-844f-0924f7574aad', '2022-05-21 00:00:00', 0, 0, '2afb086f-1501-400b-9df2-447afd08d6b9', '2022-03-18 17:03:22', NULL, NULL),
	(212, 4, 22, 23, '3c60fc6d-cb6f-47fd-844f-0924f7574aad', '2022-05-31 00:00:00', 0, 0, '2afb086f-1501-400b-9df2-447afd08d6b9', '2022-03-18 17:03:22', NULL, NULL),
	(213, 4, 23, 24, '3c60fc6d-cb6f-47fd-844f-0924f7574aad', '2022-06-03 00:00:00', 0, 0, '2afb086f-1501-400b-9df2-447afd08d6b9', '2022-03-18 17:03:22', NULL, NULL),
	(214, 4, 24, 25, '3c60fc6d-cb6f-47fd-844f-0924f7574aad', '2022-06-05 00:00:00', 0, 0, '2afb086f-1501-400b-9df2-447afd08d6b9', '2022-03-18 17:03:22', NULL, NULL),
	(215, 4, 26, 26, '3c60fc6d-cb6f-47fd-844f-0924f7574aad', '2022-06-10 00:00:00', 0, 0, '2afb086f-1501-400b-9df2-447afd08d6b9', '2022-03-18 17:03:22', NULL, NULL),
	(216, 4, 28, 27, '3c60fc6d-cb6f-47fd-844f-0924f7574aad', '2022-06-13 00:00:00', 0, 0, '2afb086f-1501-400b-9df2-447afd08d6b9', '2022-03-18 17:03:22', NULL, NULL),
	(217, 4, 27, 28, '3c60fc6d-cb6f-47fd-844f-0924f7574aad', '2022-06-15 00:00:00', 0, 0, '2afb086f-1501-400b-9df2-447afd08d6b9', '2022-03-18 17:03:22', NULL, NULL),
	(218, 4, 25, 29, '3c60fc6d-cb6f-47fd-844f-0924f7574aad', '2022-06-20 00:00:00', 0, 0, '2afb086f-1501-400b-9df2-447afd08d6b9', '2022-03-18 17:03:22', NULL, NULL),
	(219, 4, 29, 30, '3c60fc6d-cb6f-47fd-844f-0924f7574aad', '2022-06-30 00:00:00', 0, 0, '2afb086f-1501-400b-9df2-447afd08d6b9', '2022-03-18 17:03:22', NULL, NULL),
	(220, 4, 30, 31, '3c60fc6d-cb6f-47fd-844f-0924f7574aad', '2022-07-10 00:00:00', 0, 0, '2afb086f-1501-400b-9df2-447afd08d6b9', '2022-03-18 17:03:22', NULL, NULL),
	(221, 4, 31, 32, '3c60fc6d-cb6f-47fd-844f-0924f7574aad', '2022-07-20 00:00:00', 0, 0, '2afb086f-1501-400b-9df2-447afd08d6b9', '2022-03-18 17:03:22', NULL, NULL),
	(222, 4, 32, 33, '3c60fc6d-cb6f-47fd-844f-0924f7574aad', '2022-07-22 00:00:00', 0, 0, '2afb086f-1501-400b-9df2-447afd08d6b9', '2022-03-18 17:03:22', NULL, NULL),
	(223, 4, 33, 34, '3c60fc6d-cb6f-47fd-844f-0924f7574aad', '2022-07-25 00:00:00', 0, 0, '2afb086f-1501-400b-9df2-447afd08d6b9', '2022-03-18 17:03:22', NULL, NULL),
	(224, 4, 34, 35, '3c60fc6d-cb6f-47fd-844f-0924f7574aad', '2022-08-01 00:00:00', 0, 0, '2afb086f-1501-400b-9df2-447afd08d6b9', '2022-03-18 17:03:22', NULL, NULL),
	(225, 4, 35, 36, '3c60fc6d-cb6f-47fd-844f-0924f7574aad', '2022-08-04 00:00:00', 0, 0, '2afb086f-1501-400b-9df2-447afd08d6b9', '2022-03-18 17:03:22', NULL, NULL),
	(226, 4, 36, 37, '3c60fc6d-cb6f-47fd-844f-0924f7574aad', '2022-08-14 00:00:00', 0, 0, '2afb086f-1501-400b-9df2-447afd08d6b9', '2022-03-18 17:03:22', NULL, NULL),
	(227, 4, 37, 38, '3c60fc6d-cb6f-47fd-844f-0924f7574aad', '2022-08-24 00:00:00', 0, 0, '2afb086f-1501-400b-9df2-447afd08d6b9', '2022-03-18 17:03:22', NULL, NULL);
/*!40000 ALTER TABLE `documentworkflow` ENABLE KEYS */;

-- Dumping data for table lawfirmhelper.workflow: ~1 rows (approximately)
/*!40000 ALTER TABLE `workflow` DISABLE KEYS */;
INSERT INTO `workflow` (`ID`, `WorkflowDescrption`, `WorkflowDescrption_BM`, `WorkflowDescrption_CN`, `WorkflowTotalDuration`, `CriticalDuration`, `CreatedBy`, `CreatedDate`) VALUES
	(1, 'SNP freehold - 2 parties', NULL, NULL, 159, 100, 'vinod@gmail.com', '2021-10-02 08:29:56'),
	(2, 'SNP leasehold - 2 partie', NULL, NULL, NULL, 50, NULL, '2021-10-02 08:47:27'),
	(3, 'SNP freehold - 2 parties 99', NULL, NULL, NULL, 10, NULL, '2021-10-13 15:15:04');
/*!40000 ALTER TABLE `workflow` ENABLE KEYS */;

-- Dumping data for table lawfirmhelper.workflowdetail: ~37 rows (approximately)
/*!40000 ALTER TABLE `workflowdetail` DISABLE KEYS */;
INSERT INTO `workflowdetail` (`ID`, `WorkflowMasterID`, `Sequence`, `Description`, `Description_BM`, `Description_CN`, `Duration`, `CreatedDate`, `CreatedBy`) VALUES
	(1, 1, 1, 'called Vendor and Purchaser - provide quotation - inform parties on the documents required', 'Telefon Penjual dan Pembeli - bagi sebut harga (quotation) - maklum pihak-pihak dokumen-dokumen yang perlu disediakan', NULL, 1, '2021-10-02 06:37:04', 'vinod@gmail.com'),
	(2, 1, 2, 'follow up with Purchaser on the quotation', 'follow up dengan pembeli bagi berkenaan dengan sebut harga', NULL, 2, '2021-10-23 20:24:13', 'vinod@gmail.com'),
	(3, 1, 3, 'Purchaser appointed Law Chambers of Low & Yow', 'Pembeli melantik Tetuan Law Chambers of Low & Yow', NULL, 1, '2021-10-23 20:25:40', 'vinod@gmail.com'),
	(4, 1, 4, 'Received all the necessary documents and prepare sale and purchase agreement (complete within 5 working days) - fixed appointment with Purchaser and Vendor for execution of S&P', 'Terima semua dokumen-dokumen yang diperlukan. Buat perjanjian jual beli (Sedia dan lengkap dalam 5 hari bekerja)  - tetapkan temujanji dengan Pembeli dan Penjual untuk  tandatangan Perjanjian Jualbeli\r\n', NULL, 1, '2021-10-02 06:37:04', 'vinod@gmail.com'),
	(5, 1, 5, ' Sale and Purchase Agreement land search and bankruptcy search completed', 'Perjanjian Jualbeli, carian bankrup dan carian tanah siap\r\n', NULL, 4, '2021-10-02 06:37:04', 'vinod@gmail.com'),
	(6, 1, 6, 'Purchaser signed the S&P. \r\n', 'Pembeli tandatangan Perjanjian Jualbeli\r\n', NULL, 2, '2021-10-02 06:37:04', 'vinod@gmail.com'),
	(7, 1, 7, 'Vendor signed the S&P\r\n', 'Penjual tandatangan Perjanjian Jualbeli\r\n', NULL, 2, '2021-10-02 06:37:04', 'vinod@gmail.com'),
	(8, 1, 8, 'Date S&P and insert the S&P date on the system\r\n', ' tarikhkan Perjanjian Jualbeli dan masukkan tarikh dalam system KIV\r\n', NULL, 1, '2021-10-02 06:37:04', 'vinod@gmail.com'),
	(9, 2, 1, 'stamped S&P and forward to agent. \r\n', 'stamp Perjanjian Jualbeli dan beri kepada agent hartanah \r\n', NULL, 2, '2021-10-02 06:37:04', 'vinod@gmail.com'),
	(10, 2, 2, 'Affirm SD for caveat\r\n', 'Ikrarkan Surat Akuan untuk caveat\r\n', NULL, 1, '2021-10-02 06:37:04', 'vinod@gmail.com'),
	(11, 2, 3, 'lodge private caveat. \r\n', 'masukkan caveat persendirian \r\n', NULL, 1, '2021-10-02 06:37:04', 'vinod@gmail.com'),
	(12, 2, 4, 'forward S&P  to Purchaser. Also forward stamped S&P to Vendor.\r\n', 'Bagi satu Perjanjian Jualbeli yang telah disetem kepada Pembeli dan juga Penjual . \r\n', NULL, 1, '2021-10-02 06:37:04', 'vinod@gmail.com'),
	(13, 2, 5, 'If we have not to received confirmation letter from Loan Solicitors, informed Purchaser (call & courier) \r\n', 'Sekiranya tidak dapat surat pengesahan daripada Peguam Bank Pembeli, maklumkan pembeli (telefon dan kurier) \r\n', NULL, 2, '2021-10-02 06:37:04', 'vinod@gmail.com'),
	(14, 2, 6, 'Received written letter from Loan Solicitors to request for redemption statement.\r\n', 'Terima surat pengesahan daripada Peguam Bank Pembeli untuk permohonan bagi surat tebusan\r\n', NULL, 2, '2021-10-02 06:37:04', 'vinod@gmail.com'),
	(15, 2, 7, 'request redemption statement\r\n', 'pohon surat penebusan\r\n', NULL, 2, '2021-10-02 06:37:04', 'vinod@gmail.com'),
	(16, 2, 8, 'received redemption statement. Adjudicate transfer form and affirm Statutory Declaration (bagi pengurangan duti setem dan bankrupt).\r\n', 'terima surat penubusan. Adjudicasi  borang pindah milik  dan ikrarkan surat akuan (bagi pengurangan duti setem dan bankrupcy)\r\n', NULL, 10, '2021-10-02 06:37:04', 'vinod@gmail.com'),
	(17, 2, 9, 'forward redemption statement and confirmation letter to Loan Solicitors\r\n', 'hantar surat penubusan dan surat pengesahan kepada peguam bank pembeli \r\n', NULL, 3, '2021-10-02 06:37:04', 'vinod@gmail.com'),
	(18, 2, 10, 'inform purchaser by phone and courier that we have complied with all the necessary request by Loan Solicitiors and we trust that purchaser financer is ready to release loan. Asked purchaser to follow up with loan solicitors to avoid late payment interest.\r\n', 'Maklum Pembeli (melalui kurier dan telefon), kami telah memberi semua dokumen-dokumen yang diperlukan oleh Peguam Bank Pembeli  dan kami percaya Bank Pembeli sedia untuk keluarkan kemudahan pembiayaan. Maklumkan Pembeli untuk follow up dengan peguam bank untuk pembayaran faedah pembayaran lewat.\r\n', NULL, 2, '2021-10-02 06:37:04', 'vinod@gmail.com'),
	(19, 2, 11, 'received notification from Loan Solicitors that the bank has released redemption sum \r\n', 'terima notifikasi daripada peguam bank bahawa bank telah membayar wang penubusan\r\n', NULL, 5, '2021-10-02 06:37:04', 'vinod@gmail.com'),
	(20, 2, 12, 'Forward discharge of charge to Vendor\'s Financier for execution.\r\n', 'hantar borang melepas gadaikan ke bank untuk tandatangan\r\n', NULL, 2, '2021-10-02 06:37:04', 'vinod@gmail.com'),
	(21, 2, 13, 'informed Vendor (call and courier) to get ready to deliver vacant possession.\r\n', 'maklum Penjual (telefon and kurier) sedia untuk memberi milikan kosong\r\n', NULL, 2, '2021-10-02 06:37:04', 'vinod@gmail.com'),
	(22, 2, 14, 'received title and discharge of charge. \r\n', 'terima geran original, borang melepas gadaian\r\n', NULL, 10, '2021-10-02 06:37:04', 'vinod@gmail.com'),
	(23, 2, 15, 'Forwarded original title, discharge of charge and transfer form to the loan solicitors.\r\n', 'hantar geran original, melepas gadaian dan borang pindahmilik kepada peguam bank pembeli\r\n', NULL, 3, '2021-10-02 06:37:04', 'vinod@gmail.com'),
	(24, 2, 16, 'Informed Purchaser (by courier and call) that we have forwarded original title to Loan Solicitors. Seek purchaser to follow up with Loan Solicitors to avoid late payment interest. (if necessary)\r\n', 'Maklum Pembeli (melalui kurier dan telefon), kami telah hantar geran original kepada peguam bank pembeli. Maklumkan Pembeli untuk follow up dengan peguam bank untuk mengelakkan pembayaran faedah pembayaran lewat (sekiranya perlu)\r\n', NULL, 2, '2021-10-02 06:37:04', 'vinod@gmail.com'),
	(25, 2, 20, 'close file\r\n', 'Tutup File\r\n', NULL, 5, '2021-10-02 06:37:04', 'vinod@gmail.com'),
	(26, 2, 17, 'received balance purchase price\r\n', 'Terima baki harga pembelian\r\n', NULL, 5, '2021-10-02 06:37:04', 'vinod@gmail.com'),
	(27, 2, 19, 'Parties received keys and balance purchase price.\r\n', 'Pembeli terima kunci dan Penjual terima baki harga pembelian\r\n', NULL, 2, '2021-10-02 06:37:04', 'vinod@gmail.com'),
	(28, 2, 18, 'apportionment of outgoings completed. Arrange for release of balance purchase price and delivery of keys\r\n', 'Pengiraan bill eletrik, air, indah water, cukai tanah, taksiran dan maintenance fee siap. Dalam proses untuk penyerahan milikan kosong dan pengeluaran baki harga pembelian.\r\n', NULL, 3, '2021-10-02 06:37:04', 'vinod@gmail.com'),
	(29, 3, 1, 'request for differential sum and legal fees\r\n', 'Maklumkan Pembeli untuk membayar duit beza dan duit guaman\r\n', NULL, 10, '2021-10-02 06:37:04', 'vinod@gmail.com'),
	(30, 3, 2, 'received differential sum and legal fees\r\n', 'Terima duti beza dan guaman\r\n', NULL, 10, '2021-10-02 06:37:04', 'vinod@gmail.com'),
	(31, 3, 3, 'pay stamp duty on MOT\r\n', 'bayar duti setem pindahmilik\r\n', NULL, 10, '2021-10-02 06:37:04', 'vinod@gmail.com'),
	(32, 4, 1, 'forward documents to Purchaser for EPF withdrawal\r\n', 'hantar dokumen kepada Pembeli bagi pengeluaran EPF\r\n', NULL, 2, '2021-10-02 06:37:04', 'vinod@gmail.com'),
	(33, 4, 2, 'follow up with Purchaser for EPF withdrawal\r\n', 'follow up dengan pembeli bagi pengeluaran EPF\r\n', NULL, 3, '2021-10-02 06:37:04', 'vinod@gmail.com'),
	(34, 4, 3, 'received payment from the Purchaser\'s EPF withdrawal \r\n', 'terima pengeluaran EPF daripada pembeli\r\n', NULL, 7, '2021-10-02 06:37:04', 'vinod@gmail.com'),
	(35, 4, 4, 'forward balance deposit to Vendor\r\n', 'hantar baki deposit kepada Penjual\r\n', NULL, 3, '2021-10-02 06:37:04', 'vinod@gmail.com'),
	(36, 5, 1, 'Pay retention sum\r\n', 'Bayar remit Balasan\r\n', NULL, 10, '2021-10-02 06:37:04', 'vinod@gmail.com'),
	(37, 5, 2, 'file CKHT\r\n', 'File Borang Cukai Keuntungan Harta Tanah \r\n', NULL, 10, '2021-10-02 06:37:04', 'vinod@gmail.com'),
	(38, 1, 9, 'follow up with Purchaser on the quotation 1', NULL, NULL, 15, '2021-10-25 14:52:58', 'superadmin@gmail.com');
/*!40000 ALTER TABLE `workflowdetail` ENABLE KEYS */;

-- Dumping data for table lawfirmhelper.workflowmaster: ~9 rows (approximately)
/*!40000 ALTER TABLE `workflowmaster` DISABLE KEYS */;
INSERT INTO `workflowmaster` (`ID`, `WorkflowID`, `Sequence`, `WorkFlowMasterDesc`, `WorkFlowMasterDesc_BM`, `WorkFlowMasterDesc_CN`, `WorkFlowMasterDuration`, `IsSNP`, `IsCP`, `CreatedDate`, `CreatedBy`) VALUES
	(1, 1, 1, 'Getting Up', 'Penyediaan', '', 29, 0, 0, '2021-08-04 17:22:55', 'vinod@gmail.com'),
	(2, 1, 2, 'S&P commence', 'Perjanjian Jualbeli Mula ', '', 65, 0, 0, '2021-08-04 17:23:46', 'vinod@gmail.com'),
	(3, 1, 3, 'Payment (Differential Sum & stamping)', 'Bayaran (Duit Beza dan Duti Setem)', '', 30, 0, 0, '2021-08-20 11:50:07', 'vinod@gmail.com'),
	(4, 1, 4, 'Payment from EPF for balance deposit, if appliable', 'Bayaran baki deposit melalui EPF (sekiranya ada)', '', 15, 0, 0, '2021-08-20 11:50:53', 'vinod@gmail.com'),
	(5, 1, 5, 'Pay retention sum', 'Bayar remit Balasan', '', 20, 0, 0, '2021-08-20 12:37:41', 'vinod@gmail.com'),
	(14, 2, 1, '1', '2', '3', 4, 0, 0, '2021-10-02 09:18:12', NULL),
	(15, 2, 2, '2', '3', '4', 5, 0, 0, '2021-10-02 09:23:03', NULL),
	(16, 2, 5, '5', '5', '5', 5, 0, 0, '2021-10-02 09:23:44', NULL),
	(17, 2, 5, '99', '88', '3', 4, 0, 0, '2021-10-02 09:25:26', NULL);
/*!40000 ALTER TABLE `workflowmaster` ENABLE KEYS */;

/*!40101 SET SQL_MODE=IFNULL(@OLD_SQL_MODE, '') */;
/*!40014 SET FOREIGN_KEY_CHECKS=IFNULL(@OLD_FOREIGN_KEY_CHECKS, 1) */;
/*!40101 SET CHARACTER_SET_CLIENT=@OLD_CHARACTER_SET_CLIENT */;
/*!40111 SET SQL_NOTES=IFNULL(@OLD_SQL_NOTES, 1) */;
